<?xml version="1.0" encoding="UTF-8"?>
<project-private xmlns="http://www.netbeans.org/ns/project-private/1">
    <editor-bookmarks xmlns="http://www.netbeans.org/ns/editor-bookmarks/2" lastBookmarkId="0"/>
    <open-files xmlns="http://www.netbeans.org/ns/projectui-open-files/2">
        <group>
            <file>file:/home/mohammed/akari/resources/views/admin/user/index.blade.php</file>
            <file>file:/home/mohammed/akari/app/Http/Controllers/UsersController.php</file>
        </group>
    </open-files>
</project-private>
